[{"transition_probs": {"s0": {"a0": {"s3": 1.0}, "a1": {"s5": 1.0}}, "s1": {"a0": {"s0": 1.0}, "a1": {"s3": 1.0}}, "s2": {"a0": {"s4": 1.0}, "a1": {"s6": 1.0}}, "s3": {"a0": {"s2": 0.59, "s6": 0.41}, "a1": {"s4": 1.0}}, "s4": {"a0": {"s2": 1.0}, "a1": {"s6": 1.0}}, "s5": {"a0": {"s6": 0.48, "s2": 0.52}, "a1": {"s1": 0.86, "s4": 0.14}}, "s6": {"a0": {"s1": 0.27, "s5": 0.73}, "a1": {"s5": 0.52, "s2": 0.48}}}, "reward_function": {"s0": {"a0": {"s3": 9}, "a1": {"s5": -5}}, "s1": {"a0": {"s0": 3}, "a1": {"s3": -8}}, "s2": {"a0": {"s4": 9}, "a1": {"s6": -6}}, "s3": {"a0": {"s2": -6, "s6": -2}, "a1": {"s4": 9}}, "s4": {"a0": {"s2": -1}, "a1": {"s6": -10}}, "s5": {"a0": {"s6": -9, "s2": -4}, "a1": {"s1": 6, "s4": -5}}, "s6": {"a0": {"s1": 3, "s5": 9}, "a1": {"s5": -4, "s2": -7}}}}, {"transition_probs": {"s0": {"a0": {"s2": 1.0}, "a1": {"s1": 0.93, "s3": 0.07}}, "s1": {"a0": {"s5": 0.05, "s6": 0.95}, "a1": {"s6": 0.56, "s5": 0.44}}, "s2": {"a0": {"s1": 1.0}, "a1": {"s6": 0.06, "s1": 0.94}}, "s3": {"a0": {"s6": 0.02, "s0": 0.98}, "a1": {"s1": 1.0}}, "s4": {"a0": {"s0": 0.88, "s1": 0.12}, "a1": {"s1": 0.4, "s5": 0.6}}, "s5": {"a0": {"s1": 0.04, "s4": 0.96}, "a1": {"s1": 1.0}}, "s6": {"a0": {"s2": 1.0}, "a1": {"s5": 1.0}}}, "reward_function": {"s0": {"a0": {"s2": 0}, "a1": {"s1": 0, "s3": 1}}, "s1": {"a0": {"s5": -4, "s6": 0}, "a1": {"s6": -8, "s5": -9}}, "s2": {"a0": {"s1": 3}, "a1": {"s6": -2, "s1": 3}}, "s3": {"a0": {"s6": 8, "s0": 4}, "a1": {"s1": 7}}, "s4": {"a0": {"s0": -8, "s1": 6}, "a1": {"s1": 7, "s5": 9}}, "s5": {"a0": {"s1": -1, "s4": -7}, "a1": {"s1": -7}}, "s6": {"a0": {"s2": -9}, "a1": {"s5": -5}}}}, {"transition_probs": {"s0": {"a0": {"s5": 1.0}, "a1": {"s5": 0.44, "s2": 0.56}}, "s1": {"a0": {"s3": 0.39, "s6": 0.61}, "a1": {"s3": 1.0}}, "s2": {"a0": {"s4": 1.0}, "a1": {"s5": 0.97, "s6": 0.03}}, "s3": {"a0": {"s1": 1.0}, "a1": {"s6": 0.9, "s5": 0.1}}, "s4": {"a0": {"s3": 0.64, "s5": 0.36}, "a1": {"s3": 1.0}}, "s5": {"a0": {"s6": 0.06, "s1": 0.94}, "a1": {"s6": 0.21, "s2": 0.79}}, "s6": {"a0": {"s2": 0.88, "s3": 0.12}, "a1": {"s3": 0.38, "s5": 0.62}}}, "reward_function": {"s0": {"a0": {"s5": -10}, "a1": {"s5": -10, "s2": 0}}, "s1": {"a0": {"s3": 1, "s6": 8}, "a1": {"s3": -7}}, "s2": {"a0": {"s4": 2}, "a1": {"s5": -5, "s6": -6}}, "s3": {"a0": {"s1": -6}, "a1": {"s6": -3, "s5": -3}}, "s4": {"a0": {"s3": 4, "s5": -1}, "a1": {"s3": 4}}, "s5": {"a0": {"s6": -8, "s1": -2}, "a1": {"s6": -5, "s2": 0}}, "s6": {"a0": {"s2": 8, "s3": 3}, "a1": {"s3": -10, "s5": -10}}}}, {"transition_probs": {"s0": {"a0": {"s3": 1.0}, "a1": {"s2": 1.0}}, "s1": {"a0": {"s3": 1.0}, "a1": {"s4": 0.32, "s5": 0.68}}, "s2": {"a0": {"s4": 0.68, "s6": 0.32}, "a1": {"s6": 1.0}}, "s3": {"a0": {"s0": 0.79, "s1": 0.21}, "a1": {"s6": 0.14, "s1": 0.86}}, "s4": {"a0": {"s5": 1.0}, "a1": {"s3": 0.65, "s2": 0.35}}, "s5": {"a0": {"s3": 0.54, "s6": 0.46}, "a1": {"s2": 1.0}}, "s6": {"a0": {"s4": 0.81, "s3": 0.19}, "a1": {"s2": 0.95, "s3": 0.05}}}, "reward_function": {"s0": {"a0": {"s3": -10}, "a1": {"s2": 6}}, "s1": {"a0": {"s3": -3}, "a1": {"s4": -10, "s5": -1}}, "s2": {"a0": {"s4": 5, "s6": -5}, "a1": {"s6": 4}}, "s3": {"a0": {"s0": -7, "s1": -5}, "a1": {"s6": 4, "s1": 9}}, "s4": {"a0": {"s5": -9}, "a1": {"s3": 7, "s2": -3}}, "s5": {"a0": {"s3": -1, "s6": -3}, "a1": {"s2": -9}}, "s6": {"a0": {"s4": -3, "s3": -3}, "a1": {"s2": 2, "s3": 0}}}}, {"transition_probs": {"s0": {"a0": {"s3": 0.17, "s1": 0.83}, "a1": {"s3": 0.83, "s2": 0.17}}, "s1": {"a0": {"s5": 0.39, "s3": 0.61}, "a1": {"s0": 0.23, "s4": 0.77}}, "s2": {"a0": {"s6": 1.0}, "a1": {"s1": 0.5, "s0": 0.5}}, "s3": {"a0": {"s5": 0.16, "s6": 0.84}, "a1": {"s6": 1.0}}, "s4": {"a0": {"s5": 0.13, "s3": 0.87}, "a1": {"s2": 0.82, "s6": 0.18}}, "s5": {"a0": {"s3": 1.0}, "a1": {"s3": 1.0}}, "s6": {"a0": {"s1": 1.0}, "a1": {"s3": 1.0}}}, "reward_function": {"s0": {"a0": {"s3": 8, "s1": 5}, "a1": {"s3": -10, "s2": 2}}, "s1": {"a0": {"s5": 2, "s3": -7}, "a1": {"s0": -6, "s4": 5}}, "s2": {"a0": {"s6": -2}, "a1": {"s1": -7, "s0": -6}}, "s3": {"a0": {"s5": 3, "s6": -3}, "a1": {"s6": -8}}, "s4": {"a0": {"s5": -9, "s3": -5}, "a1": {"s2": 0, "s6": 4}}, "s5": {"a0": {"s3": 0}, "a1": {"s3": -5}}, "s6": {"a0": {"s1": -6}, "a1": {"s3": 1}}}}, {"transition_probs": {"s0": {"a0": {"s5": 1.0}, "a1": {"s2": 0.81, "s4": 0.19}}, "s1": {"a0": {"s5": 0.59, "s0": 0.41}, "a1": {"s3": 1.0}}, "s2": {"a0": {"s0": 0.81, "s4": 0.19}, "a1": {"s5": 0.57, "s4": 0.43}}, "s3": {"a0": {"s6": 0.66, "s5": 0.34}, "a1": {"s5": 1.0}}, "s4": {"a0": {"s1": 0.92, "s6": 0.08}, "a1": {"s5": 0.42, "s2": 0.58}}, "s5": {"a0": {"s6": 0.29, "s1": 0.71}, "a1": {"s6": 0.41, "s2": 0.59}}, "s6": {"a0": {"s3": 0.83, "s2": 0.17}, "a1": {"s5": 0.15, "s3": 0.85}}}, "reward_function": {"s0": {"a0": {"s5": -1}, "a1": {"s2": -10, "s4": -4}}, "s1": {"a0": {"s5": -4, "s0": -8}, "a1": {"s3": -10}}, "s2": {"a0": {"s0": 3, "s4": -3}, "a1": {"s5": -7, "s4": 7}}, "s3": {"a0": {"s6": 2, "s5": -8}, "a1": {"s5": 6}}, "s4": {"a0": {"s1": 7, "s6": 3}, "a1": {"s5": -1, "s2": 5}}, "s5": {"a0": {"s6": 7, "s1": 8}, "a1": {"s6": 5, "s2": -5}}, "s6": {"a0": {"s3": -9, "s2": 5}, "a1": {"s5": 9, "s3": -6}}}}, {"transition_probs": {"s0": {"a0": {"s2": 1.0}, "a1": {"s3": 0.92, "s6": 0.08}}, "s1": {"a0": {"s3": 1.0}, "a1": {"s0": 0.63, "s4": 0.37}}, "s2": {"a0": {"s1": 1.0}, "a1": {"s6": 0.12, "s0": 0.88}}, "s3": {"a0": {"s0": 1.0}, "a1": {"s6": 1.0}}, "s4": {"a0": {"s2": 0.73, "s6": 0.27}, "a1": {"s6": 1.0}}, "s5": {"a0": {"s4": 1.0}, "a1": {"s4": 1.0}}, "s6": {"a0": {"s2": 0.25, "s5": 0.75}, "a1": {"s1": 0.88, "s0": 0.12}}}, "reward_function": {"s0": {"a0": {"s2": -1}, "a1": {"s3": -7, "s6": 0}}, "s1": {"a0": {"s3": 3}, "a1": {"s0": 0, "s4": 7}}, "s2": {"a0": {"s1": -1}, "a1": {"s6": 9, "s0": -8}}, "s3": {"a0": {"s0": 8}, "a1": {"s6": -1}}, "s4": {"a0": {"s2": 5, "s6": 4}, "a1": {"s6": -6}}, "s5": {"a0": {"s4": -8}, "a1": {"s4": -7}}, "s6": {"a0": {"s2": -9, "s5": -5}, "a1": {"s1": -6, "s0": 0}}}}, {"transition_probs": {"s0": {"a0": {"s2": 1.0}, "a1": {"s1": 1.0}}, "s1": {"a0": {"s4": 0.6, "s3": 0.4}, "a1": {"s4": 0.16, "s0": 0.84}}, "s2": {"a0": {"s0": 1.0}, "a1": {"s0": 0.2, "s1": 0.8}}, "s3": {"a0": {"s4": 0.13, "s6": 0.87}, "a1": {"s2": 1.0}}, "s4": {"a0": {"s6": 0.04, "s5": 0.96}, "a1": {"s5": 1.0}}, "s5": {"a0": {"s2": 1.0}, "a1": {"s1": 0.07, "s3": 0.93}}, "s6": {"a0": {"s0": 1.0}, "a1": {"s5": 1.0}}}, "reward_function": {"s0": {"a0": {"s2": -6}, "a1": {"s1": -1}}, "s1": {"a0": {"s4": 1, "s3": -2}, "a1": {"s4": 6, "s0": 0}}, "s2": {"a0": {"s0": -1}, "a1": {"s0": 4, "s1": -2}}, "s3": {"a0": {"s4": -3, "s6": -6}, "a1": {"s2": -6}}, "s4": {"a0": {"s6": -2, "s5": 5}, "a1": {"s5": -5}}, "s5": {"a0": {"s2": 1}, "a1": {"s1": 1, "s3": -7}}, "s6": {"a0": {"s0": -9}, "a1": {"s5": 1}}}}, {"transition_probs": {"s0": {"a0": {"s6": 1.0}, "a1": {"s6": 1.0}}, "s1": {"a0": {"s2": 0.32, "s4": 0.68}, "a1": {"s6": 0.56, "s3": 0.44}}, "s2": {"a0": {"s4": 1.0}, "a1": {"s5": 1.0}}, "s3": {"a0": {"s4": 1.0}, "a1": {"s6": 1.0}}, "s4": {"a0": {"s3": 1.0}, "a1": {"s1": 0.19, "s0": 0.81}}, "s5": {"a0": {"s4": 1.0}, "a1": {"s4": 1.0}}, "s6": {"a0": {"s0": 0.17, "s2": 0.83}, "a1": {"s1": 1.0}}}, "reward_function": {"s0": {"a0": {"s6": 4}, "a1": {"s6": -6}}, "s1": {"a0": {"s2": 0, "s4": -2}, "a1": {"s6": 1, "s3": 7}}, "s2": {"a0": {"s4": -2}, "a1": {"s5": 4}}, "s3": {"a0": {"s4": 4}, "a1": {"s6": -8}}, "s4": {"a0": {"s3": -4}, "a1": {"s1": -10, "s0": -1}}, "s5": {"a0": {"s4": -1}, "a1": {"s4": -2}}, "s6": {"a0": {"s0": -1, "s2": 6}, "a1": {"s1": 4}}}}, {"transition_probs": {"s0": {"a0": {"s6": 1.0}, "a1": {"s3": 0.76, "s2": 0.24}}, "s1": {"a0": {"s0": 0.73, "s6": 0.27}, "a1": {"s3": 0.4, "s4": 0.6}}, "s2": {"a0": {"s4": 1.0}, "a1": {"s5": 1.0}}, "s3": {"a0": {"s4": 0.68, "s2": 0.32}, "a1": {"s1": 1.0}}, "s4": {"a0": {"s6": 0.59, "s3": 0.41}, "a1": {"s0": 1.0}}, "s5": {"a0": {"s6": 1.0}, "a1": {"s2": 1.0}}, "s6": {"a0": {"s5": 0.9, "s4": 0.1}, "a1": {"s0": 1.0}}}, "reward_function": {"s0": {"a0": {"s6": -10}, "a1": {"s3": -6, "s2": -8}}, "s1": {"a0": {"s0": 4, "s6": 0}, "a1": {"s3": -10, "s4": -5}}, "s2": {"a0": {"s4": 2}, "a1": {"s5": -5}}, "s3": {"a0": {"s4": -8, "s2": -4}, "a1": {"s1": 0}}, "s4": {"a0": {"s6": -2, "s3": -2}, "a1": {"s0": 7}}, "s5": {"a0": {"s6": -2}, "a1": {"s2": -1}}, "s6": {"a0": {"s5": 6, "s4": 1}, "a1": {"s0": -9}}}}]